Kanji,Hiragana,English,PronunciationURL
会う,あう,to meet,https://minio.012140.xyz/jlpt/n5-vocabulary/0001_あう.mp3
青,あお,blue,https://minio.012140.xyz/jlpt/n5-vocabulary/0002_あお.mp3
青い,あおい,blue,https://minio.012140.xyz/jlpt/n5-vocabulary/0003_あおい.mp3
赤,あか,red,https://minio.012140.xyz/jlpt/n5-vocabulary/0004_あか.mp3
赤い,あかい,red,https://minio.012140.xyz/jlpt/n5-vocabulary/0005_あかい.mp3
明い,あかるい,bright,https://minio.012140.xyz/jlpt/n5-vocabulary/0006_あかるい.mp3
秋,あき,autumn,https://minio.012140.xyz/jlpt/n5-vocabulary/0007_あき.mp3
開く,あく,"to open, to become open",https://minio.012140.xyz/jlpt/n5-vocabulary/0008_あく.mp3
開ける,あける,to open,https://minio.012140.xyz/jlpt/n5-vocabulary/0009_あける.mp3
上げる,あげる,to give,https://minio.012140.xyz/jlpt/n5-vocabulary/0010_あげる.mp3
朝,あさ,morning,https://minio.012140.xyz/jlpt/n5-vocabulary/0011_あさ.mp3
朝御飯,あさごはん,breakfast,https://minio.012140.xyz/jlpt/n5-vocabulary/0012_あさごはん.mp3
足,あし,"foot, leg",https://minio.012140.xyz/jlpt/n5-vocabulary/0013_あし.mp3
明日,あした,tomorrow,https://minio.012140.xyz/jlpt/n5-vocabulary/0014_あした.mp3
遊ぶ,あそぶ,"to play, to make a visit",https://minio.012140.xyz/jlpt/n5-vocabulary/0015_あそぶ.mp3
暖かい,あたたかい,warm,https://minio.012140.xyz/jlpt/n5-vocabulary/0016_あたたかい.mp3
頭,あたま,head,https://minio.012140.xyz/jlpt/n5-vocabulary/0017_あたま.mp3
新しい,あたらしい,new,https://minio.012140.xyz/jlpt/n5-vocabulary/0018_あたらしい.mp3
,あちら,there,https://minio.012140.xyz/jlpt/n5-vocabulary/0019_あちら.mp3
暑い,あつい,hot,https://minio.012140.xyz/jlpt/n5-vocabulary/0020_あつい.mp3
熱い,あつい,hot to the touch,https://minio.012140.xyz/jlpt/n5-vocabulary/0020_あつい.mp3
厚い,あつい,"kind, deep, thick",https://minio.012140.xyz/jlpt/n5-vocabulary/0020_あつい.mp3
後,あと,afterwards,https://minio.012140.xyz/jlpt/n5-vocabulary/0023_あと.mp3
,あなた,you,https://minio.012140.xyz/jlpt/n5-vocabulary/0024_あなた.mp3
兄,あに,(humble) older brother,https://minio.012140.xyz/jlpt/n5-vocabulary/0025_あに.mp3
姉,あね,(humble) older sister,https://minio.012140.xyz/jlpt/n5-vocabulary/0026_あね.mp3
,あの,um...,https://minio.012140.xyz/jlpt/n5-vocabulary/0027_あの.mp3
危ない,あぶない,dangerous,https://minio.012140.xyz/jlpt/n5-vocabulary/0028_あぶない.mp3
甘い,あまい,sweet,https://minio.012140.xyz/jlpt/n5-vocabulary/0029_あまい.mp3
雨,あめ,rain,https://minio.012140.xyz/jlpt/n5-vocabulary/0030_あめ.mp3
飴,あめ,candy,https://minio.012140.xyz/jlpt/n5-vocabulary/0030_あめ.mp3
洗う,あらう,to wash,https://minio.012140.xyz/jlpt/n5-vocabulary/0032_あらう.mp3
歩く,あるく,to walk,https://minio.012140.xyz/jlpt/n5-vocabulary/0033_あるく.mp3
,あれ,that,https://minio.012140.xyz/jlpt/n5-vocabulary/0034_あれ.mp3
,いい/よい,good,https://minio.012140.xyz/jlpt/n5-vocabulary/0035_いいよい.mp3
,いいえ,no,https://minio.012140.xyz/jlpt/n5-vocabulary/0036_いいえ.mp3
言う,いう,to say,https://minio.012140.xyz/jlpt/n5-vocabulary/0037_いう.mp3
家,いえ,house,https://minio.012140.xyz/jlpt/n5-vocabulary/0038_いえ.mp3
,いかが,how,https://minio.012140.xyz/jlpt/n5-vocabulary/0039_いかが.mp3
行く,いく,to go,https://minio.012140.xyz/jlpt/n5-vocabulary/0040_いく.mp3
池,いけ,pond,https://minio.012140.xyz/jlpt/n5-vocabulary/0041_いけ.mp3
医者,いしゃ,medical doctor,https://minio.012140.xyz/jlpt/n5-vocabulary/0042_いしゃ.mp3
,いす,chair,https://minio.012140.xyz/jlpt/n5-vocabulary/0043_いす.mp3
忙しい,いそがしい,"busy, irritated",https://minio.012140.xyz/jlpt/n5-vocabulary/0044_いそがしい.mp3
痛い,いたい,painful,https://minio.012140.xyz/jlpt/n5-vocabulary/0045_いたい.mp3
一,いち,one,https://minio.012140.xyz/jlpt/n5-vocabulary/0046_いち.mp3
一日,いちにち,first of the month,https://minio.012140.xyz/jlpt/n5-vocabulary/0047_いちにち.mp3
,いつ,when,https://minio.012140.xyz/jlpt/n5-vocabulary/0048_いつ.mp3
五日,いつか,"five days, fifth day",https://minio.012140.xyz/jlpt/n5-vocabulary/0049_いつか.mp3
一緒,いっしょ,together,https://minio.012140.xyz/jlpt/n5-vocabulary/0050_いっしょ.mp3
五つ,いつつ,five,https://minio.012140.xyz/jlpt/n5-vocabulary/0051_いつつ.mp3
,いつも,always,https://minio.012140.xyz/jlpt/n5-vocabulary/0052_いつも.mp3
犬,いぬ,dog,https://minio.012140.xyz/jlpt/n5-vocabulary/0053_いぬ.mp3
今,いま,now,https://minio.012140.xyz/jlpt/n5-vocabulary/0054_いま.mp3
意味,いみ,meaning,https://minio.012140.xyz/jlpt/n5-vocabulary/0055_いみ.mp3
妹,いもうと,(humble) younger sister,https://minio.012140.xyz/jlpt/n5-vocabulary/0056_いもうと.mp3
嫌,いや,unpleasant,https://minio.012140.xyz/jlpt/n5-vocabulary/0057_いや.mp3
入口,いりぐち,entrance,https://minio.012140.xyz/jlpt/n5-vocabulary/0058_いりぐち.mp3
居る,いる,to be,https://minio.012140.xyz/jlpt/n5-vocabulary/0059_いる.mp3
要る,いる,to need,https://minio.012140.xyz/jlpt/n5-vocabulary/0059_いる.mp3
入れる,いれる,to put in,https://minio.012140.xyz/jlpt/n5-vocabulary/0061_いれる.mp3
色,いろ,colour,https://minio.012140.xyz/jlpt/n5-vocabulary/0062_いろ.mp3
,いろいろ,various,https://minio.012140.xyz/jlpt/n5-vocabulary/0063_いろいろ.mp3
上,うえ,on top of,https://minio.012140.xyz/jlpt/n5-vocabulary/0064_うえ.mp3
後ろ,うしろ,behind,https://minio.012140.xyz/jlpt/n5-vocabulary/0065_うしろ.mp3
薄い,うすい,"thin,weak",https://minio.012140.xyz/jlpt/n5-vocabulary/0066_うすい.mp3
歌,うた,song,https://minio.012140.xyz/jlpt/n5-vocabulary/0067_うた.mp3
歌う,うたう,to sing,https://minio.012140.xyz/jlpt/n5-vocabulary/0068_うたう.mp3
生まれる,うまれる,to be born,https://minio.012140.xyz/jlpt/n5-vocabulary/0069_うまれる.mp3
海,うみ,sea,https://minio.012140.xyz/jlpt/n5-vocabulary/0070_うみ.mp3
売る,うる,to sell,https://minio.012140.xyz/jlpt/n5-vocabulary/0071_うる.mp3
煩い,うるさい,"noisy, annoying",https://minio.012140.xyz/jlpt/n5-vocabulary/0072_うるさい.mp3
上着,うわぎ,jacket,https://minio.012140.xyz/jlpt/n5-vocabulary/0073_うわぎ.mp3
絵,え,picture,https://minio.012140.xyz/jlpt/n5-vocabulary/0074_え.mp3
映画,えいが,movie,https://minio.012140.xyz/jlpt/n5-vocabulary/0075_えいが.mp3
映画館,えいがかん,cinema,https://minio.012140.xyz/jlpt/n5-vocabulary/0076_えいがかん.mp3
,ええ,yes,https://minio.012140.xyz/jlpt/n5-vocabulary/0077_ええ.mp3
駅,えき,station,https://minio.012140.xyz/jlpt/n5-vocabulary/0078_えき.mp3
鉛筆,えんぴつ,pencil,https://minio.012140.xyz/jlpt/n5-vocabulary/0079_えんぴつ.mp3
,おいしい,delicious,https://minio.012140.xyz/jlpt/n5-vocabulary/0080_おいしい.mp3
多い,おおい,many,https://minio.012140.xyz/jlpt/n5-vocabulary/0081_おおい.mp3
大きい,おおきい,big,https://minio.012140.xyz/jlpt/n5-vocabulary/0082_おおきい.mp3
大きな,おおきな,big,https://minio.012140.xyz/jlpt/n5-vocabulary/0083_おおきな.mp3
大勢,おおぜい,great number of people,https://minio.012140.xyz/jlpt/n5-vocabulary/0084_おおぜい.mp3
お母さん,おかあさん,(honorable) mother,https://minio.012140.xyz/jlpt/n5-vocabulary/0085_おかあさん.mp3
お菓子,おかし,"sweets, candy",https://minio.012140.xyz/jlpt/n5-vocabulary/0086_おかし.mp3
お金,おかね,money,https://minio.012140.xyz/jlpt/n5-vocabulary/0087_おかね.mp3
起きる,おきる,to get up,https://minio.012140.xyz/jlpt/n5-vocabulary/0088_おきる.mp3
置く,おく,to put,https://minio.012140.xyz/jlpt/n5-vocabulary/0089_おく.mp3
奥さん,おくさん,(honorable) wife,https://minio.012140.xyz/jlpt/n5-vocabulary/0090_おくさん.mp3
お酒,おさけ,"alcohol, rice wine",https://minio.012140.xyz/jlpt/n5-vocabulary/0091_おさけ.mp3
お皿,おさら,"plate, dish",https://minio.012140.xyz/jlpt/n5-vocabulary/0092_おさら.mp3
伯父/叔父,おじいさん,"grandfather, male senior citizen",https://minio.012140.xyz/jlpt/n5-vocabulary/0093_おじいさん.mp3
教える,おしえる,"to teach, to tell",https://minio.012140.xyz/jlpt/n5-vocabulary/0094_おしえる.mp3
伯父/叔父,おじさん,"uncle, middle aged gentleman",https://minio.012140.xyz/jlpt/n5-vocabulary/0095_おじさん.mp3
押す,おす,"to push, to stamp something",https://minio.012140.xyz/jlpt/n5-vocabulary/0096_おす.mp3
遅い,おそい,"late, slow",https://minio.012140.xyz/jlpt/n5-vocabulary/0097_おそい.mp3
お茶,おちゃ,green tea,https://minio.012140.xyz/jlpt/n5-vocabulary/0098_おちゃ.mp3
お手洗い,おてあらい,bathroom,https://minio.012140.xyz/jlpt/n5-vocabulary/0099_おてあらい.mp3
お父さん,おとうさん,(honorable) father,https://minio.012140.xyz/jlpt/n5-vocabulary/0100_おとうさん.mp3
弟,おとうと,younger brother,https://minio.012140.xyz/jlpt/n5-vocabulary/0101_おとうと.mp3
男,おとこ,Man,https://minio.012140.xyz/jlpt/n5-vocabulary/0102_おとこ.mp3
男の子,おとこのこ,Boy,https://minio.012140.xyz/jlpt/n5-vocabulary/0103_おとこのこ.mp3
一昨日,おととい,day before yesterday,https://minio.012140.xyz/jlpt/n5-vocabulary/0104_おととい.mp3
一昨年,おととし,year before last,https://minio.012140.xyz/jlpt/n5-vocabulary/0105_おととし.mp3
大人,おとな,Adult,https://minio.012140.xyz/jlpt/n5-vocabulary/0106_おとな.mp3
,おなか,stomach,https://minio.012140.xyz/jlpt/n5-vocabulary/0107_おなか.mp3
同じ,おなじ,same,https://minio.012140.xyz/jlpt/n5-vocabulary/0108_おなじ.mp3
お兄さん,おにいさん,(honorable) older brother,https://minio.012140.xyz/jlpt/n5-vocabulary/0109_おにいさん.mp3
お姉さん,おねえさん,(honorable) older sister,https://minio.012140.xyz/jlpt/n5-vocabulary/0110_おねえさん.mp3
伯母さん/叔母さん,おばさん,Aunt,https://minio.012140.xyz/jlpt/n5-vocabulary/0111_おばさん.mp3
お風呂,おふろ,Bath,https://minio.012140.xyz/jlpt/n5-vocabulary/0112_おふろ.mp3
お弁当,おべんとう,boxed lunch,https://minio.012140.xyz/jlpt/n5-vocabulary/0113_おべんとう.mp3
覚える,おぼえる,to remember,https://minio.012140.xyz/jlpt/n5-vocabulary/0114_おぼえる.mp3
重い,おもい,Heavy,https://minio.012140.xyz/jlpt/n5-vocabulary/0115_おもい.mp3
,おもしろい,Interesting,https://minio.012140.xyz/jlpt/n5-vocabulary/0116_おもしろい.mp3
泳ぐ,およぐ,to swim,https://minio.012140.xyz/jlpt/n5-vocabulary/0117_およぐ.mp3
降りる,おりる,"to get off, to descend",https://minio.012140.xyz/jlpt/n5-vocabulary/0118_おりる.mp3
終る,おわる,to finish,https://minio.012140.xyz/jlpt/n5-vocabulary/0119_おわる.mp3
音楽,おんがく,Music,https://minio.012140.xyz/jlpt/n5-vocabulary/0120_おんがく.mp3
女,おんな,Woman,https://minio.012140.xyz/jlpt/n5-vocabulary/0121_おんな.mp3
女の子,おんなのこ,Girl,https://minio.012140.xyz/jlpt/n5-vocabulary/0122_おんなのこ.mp3
外国,がいこく,foreign country,https://minio.012140.xyz/jlpt/n5-vocabulary/0123_がいこく.mp3
外国人,がいこくじん,Foreigner,https://minio.012140.xyz/jlpt/n5-vocabulary/0124_がいこくじん.mp3
会社,かいしゃ,Company,https://minio.012140.xyz/jlpt/n5-vocabulary/0125_かいしゃ.mp3
階段,かいだん,Stairs,https://minio.012140.xyz/jlpt/n5-vocabulary/0126_かいだん.mp3
買い物,かいもの,Shopping,https://minio.012140.xyz/jlpt/n5-vocabulary/0127_かいもの.mp3
買う,かう,to buy,https://minio.012140.xyz/jlpt/n5-vocabulary/0128_かう.mp3
返す,かえす,to return something,https://minio.012140.xyz/jlpt/n5-vocabulary/0129_かえす.mp3
帰る,かえる,to go back,https://minio.012140.xyz/jlpt/n5-vocabulary/0130_かえる.mp3
,かぎ,Key,https://minio.012140.xyz/jlpt/n5-vocabulary/0131_かぎ.mp3
書く,かく,to write,https://minio.012140.xyz/jlpt/n5-vocabulary/0132_かく.mp3
学生,がくせい,Student,https://minio.012140.xyz/jlpt/n5-vocabulary/0133_がくせい.mp3
傘,かさ,Umbrella,https://minio.012140.xyz/jlpt/n5-vocabulary/0134_かさ.mp3
貸す,かす,to lend,https://minio.012140.xyz/jlpt/n5-vocabulary/0135_かす.mp3
風,かぜ,Wind,https://minio.012140.xyz/jlpt/n5-vocabulary/0136_かぜ.mp3
風邪,かぜ,a cold,https://minio.012140.xyz/jlpt/n5-vocabulary/0136_かぜ.mp3
家族,かぞく,Family,https://minio.012140.xyz/jlpt/n5-vocabulary/0138_かぞく.mp3
方,かた,"person, way of doing",https://minio.012140.xyz/jlpt/n5-vocabulary/0139_かた.mp3
学校,がっこう,School,https://minio.012140.xyz/jlpt/n5-vocabulary/0140_がっこう.mp3
家庭,かてい,Household,https://minio.012140.xyz/jlpt/n5-vocabulary/0141_かてい.mp3
角,かど,a corner,https://minio.012140.xyz/jlpt/n5-vocabulary/0142_かど.mp3
花瓶,かびん,a vase,https://minio.012140.xyz/jlpt/n5-vocabulary/0143_かびん.mp3
紙,かみ,paper,https://minio.012140.xyz/jlpt/n5-vocabulary/0144_かみ.mp3
火曜日,かようび,Tuesday,https://minio.012140.xyz/jlpt/n5-vocabulary/0145_かようび.mp3
辛い,からい,Spicy,https://minio.012140.xyz/jlpt/n5-vocabulary/0146_からい.mp3
体,からだ,Body,https://minio.012140.xyz/jlpt/n5-vocabulary/0147_からだ.mp3
借りる,かりる,to borrow,https://minio.012140.xyz/jlpt/n5-vocabulary/0148_かりる.mp3
軽い,かるい,Light,https://minio.012140.xyz/jlpt/n5-vocabulary/0149_かるい.mp3
川/河,かわ,River,https://minio.012140.xyz/jlpt/n5-vocabulary/0150_かわ.mp3
,かわいい,Cute,https://minio.012140.xyz/jlpt/n5-vocabulary/0151_かわいい.mp3
漢字,かんじ,Chinese character,https://minio.012140.xyz/jlpt/n5-vocabulary/0152_かんじ.mp3
木,き,"tree, wood",https://minio.012140.xyz/jlpt/n5-vocabulary/0153_き.mp3
黄色,きいろ,yellow,https://minio.012140.xyz/jlpt/n5-vocabulary/0154_きいろ.mp3
黄色い,きいろい,yellow,https://minio.012140.xyz/jlpt/n5-vocabulary/0155_きいろい.mp3
消える,きえる,to disappear,https://minio.012140.xyz/jlpt/n5-vocabulary/0156_きえる.mp3
聞く,きく,"to hear, to listen to, to ask",https://minio.012140.xyz/jlpt/n5-vocabulary/0157_きく.mp3
北,きた,North,https://minio.012140.xyz/jlpt/n5-vocabulary/0158_きた.mp3
汚い,きたない,Dirty,https://minio.012140.xyz/jlpt/n5-vocabulary/0159_きたない.mp3
喫茶店,きっさてん,coffee lounge,https://minio.012140.xyz/jlpt/n5-vocabulary/0160_きっさてん.mp3
切手,きって,postage stamp,https://minio.012140.xyz/jlpt/n5-vocabulary/0161_きって.mp3
切符,きっぷ,Ticket,https://minio.012140.xyz/jlpt/n5-vocabulary/0162_きっぷ.mp3
昨日,きのう,Yesterday,https://minio.012140.xyz/jlpt/n5-vocabulary/0163_きのう.mp3
九,きゅう,/ く Nine,https://minio.012140.xyz/jlpt/n5-vocabulary/0164_きゅう.mp3
牛肉,ぎゅうにく,Beef,https://minio.012140.xyz/jlpt/n5-vocabulary/0165_ぎゅうにく.mp3
牛乳,ぎゅうにゅう,Milk,https://minio.012140.xyz/jlpt/n5-vocabulary/0166_ぎゅうにゅう.mp3
今日,きょう,Today,https://minio.012140.xyz/jlpt/n5-vocabulary/0167_きょう.mp3
教室,きょうしつ,Classroom,https://minio.012140.xyz/jlpt/n5-vocabulary/0168_きょうしつ.mp3
兄弟,きょうだい,(humble) siblings,https://minio.012140.xyz/jlpt/n5-vocabulary/0169_きょうだい.mp3
去年,きょねん,last year,https://minio.012140.xyz/jlpt/n5-vocabulary/0170_きょねん.mp3
嫌い,きらい,Hate,https://minio.012140.xyz/jlpt/n5-vocabulary/0171_きらい.mp3
切る,きる,to cut,https://minio.012140.xyz/jlpt/n5-vocabulary/0172_きる.mp3
着る,きる,to put on from the shoulders down,https://minio.012140.xyz/jlpt/n5-vocabulary/0172_きる.mp3
銀行,ぎんこう,Bank,https://minio.012140.xyz/jlpt/n5-vocabulary/0174_ぎんこう.mp3
金曜日,きんようび,Friday,https://minio.012140.xyz/jlpt/n5-vocabulary/0175_きんようび.mp3
薬,くすり,medicine,https://minio.012140.xyz/jlpt/n5-vocabulary/0176_くすり.mp3
,ください,Please,https://minio.012140.xyz/jlpt/n5-vocabulary/0177_ください.mp3
果物,くだもの,Fruit,https://minio.012140.xyz/jlpt/n5-vocabulary/0178_くだもの.mp3
口,くち,"mouth, opening",https://minio.012140.xyz/jlpt/n5-vocabulary/0179_くち.mp3
靴,くつ,Shoes,https://minio.012140.xyz/jlpt/n5-vocabulary/0180_くつ.mp3
靴下,くつした,Socks,https://minio.012140.xyz/jlpt/n5-vocabulary/0181_くつした.mp3
国,くに,Country,https://minio.012140.xyz/jlpt/n5-vocabulary/0182_くに.mp3
曇り,くもり,cloudy weather,https://minio.012140.xyz/jlpt/n5-vocabulary/0183_くもり.mp3
曇る,くもる,"to become cloudy, to become dim",https://minio.012140.xyz/jlpt/n5-vocabulary/0184_くもる.mp3
暗い,くらい,Gloomy,https://minio.012140.xyz/jlpt/n5-vocabulary/0185_くらい.mp3
来る,くる,to come,https://minio.012140.xyz/jlpt/n5-vocabulary/0186_くる.mp3
車,くるま,"car, vehicle",https://minio.012140.xyz/jlpt/n5-vocabulary/0187_くるま.mp3
黒,くろ,Black,https://minio.012140.xyz/jlpt/n5-vocabulary/0188_くろ.mp3
黒い,くろい,black,https://minio.012140.xyz/jlpt/n5-vocabulary/0189_くろい.mp3
警官,けいかん,policeman,https://minio.012140.xyz/jlpt/n5-vocabulary/0190_けいかん.mp3
今朝,けさ,this morning,https://minio.012140.xyz/jlpt/n5-vocabulary/0191_けさ.mp3
消す,けす,"to erase, to turn off power",https://minio.012140.xyz/jlpt/n5-vocabulary/0192_けす.mp3
結構,けっこう,"splendid, enough",https://minio.012140.xyz/jlpt/n5-vocabulary/0193_けっこう.mp3
結婚,けっこん,Marriage,https://minio.012140.xyz/jlpt/n5-vocabulary/0194_けっこん.mp3
月曜日,げつようび,Monday,https://minio.012140.xyz/jlpt/n5-vocabulary/0195_げつようび.mp3
玄関,げんかん,entry hall,https://minio.012140.xyz/jlpt/n5-vocabulary/0196_げんかん.mp3
元気,げんき,"health, vitality",https://minio.012140.xyz/jlpt/n5-vocabulary/0197_げんき.mp3
五,ご,Five,https://minio.012140.xyz/jlpt/n5-vocabulary/0198_ご.mp3
公園,こうえん,Park,https://minio.012140.xyz/jlpt/n5-vocabulary/0199_こうえん.mp3
交差点,こうさてん,intersection,https://minio.012140.xyz/jlpt/n5-vocabulary/0200_こうさてん.mp3
紅茶,こうちゃ,black tea,https://minio.012140.xyz/jlpt/n5-vocabulary/0201_こうちゃ.mp3
交番,こうばん,police box,https://minio.012140.xyz/jlpt/n5-vocabulary/0202_こうばん.mp3
声,こえ,Voice,https://minio.012140.xyz/jlpt/n5-vocabulary/0203_こえ.mp3
,ここ,Here,https://minio.012140.xyz/jlpt/n5-vocabulary/0204_ここ.mp3
午後,ごご,afternoon,https://minio.012140.xyz/jlpt/n5-vocabulary/0205_ごご.mp3
九日,ここのか,"nine days, ninth day",https://minio.012140.xyz/jlpt/n5-vocabulary/0206_ここのか.mp3
九つ,ここのつ,Nine,https://minio.012140.xyz/jlpt/n5-vocabulary/0207_ここのつ.mp3
午前,ごぜん,morning,https://minio.012140.xyz/jlpt/n5-vocabulary/0208_ごぜん.mp3
答える,こたえる,to answer,https://minio.012140.xyz/jlpt/n5-vocabulary/0209_こたえる.mp3
今年,ことし,this year,https://minio.012140.xyz/jlpt/n5-vocabulary/0210_ことし.mp3
言葉,ことば,"word, language",https://minio.012140.xyz/jlpt/n5-vocabulary/0211_ことば.mp3
子供,こども,Child,https://minio.012140.xyz/jlpt/n5-vocabulary/0212_こども.mp3
,この,This,https://minio.012140.xyz/jlpt/n5-vocabulary/0213_この.mp3
御飯,ごはん,"cooked rice, meal",https://minio.012140.xyz/jlpt/n5-vocabulary/0214_ごはん.mp3
困る,こまる,to be worried,https://minio.012140.xyz/jlpt/n5-vocabulary/0215_こまる.mp3
,これ,This,https://minio.012140.xyz/jlpt/n5-vocabulary/0216_これ.mp3
今月,こんげつ,this month,https://minio.012140.xyz/jlpt/n5-vocabulary/0217_こんげつ.mp3
今週,こんしゅう,this week,https://minio.012140.xyz/jlpt/n5-vocabulary/0218_こんしゅう.mp3
,こんな,Such,https://minio.012140.xyz/jlpt/n5-vocabulary/0219_こんな.mp3
今晩,こんばん,this evening,https://minio.012140.xyz/jlpt/n5-vocabulary/0220_こんばん.mp3
,さあ,well…,https://minio.012140.xyz/jlpt/n5-vocabulary/0221_さあ.mp3
財布,さいふ,Wallet,https://minio.012140.xyz/jlpt/n5-vocabulary/0222_さいふ.mp3
魚,さかな,Fish,https://minio.012140.xyz/jlpt/n5-vocabulary/0223_さかな.mp3
先,さき,"the future, previous",https://minio.012140.xyz/jlpt/n5-vocabulary/0224_さき.mp3
咲く,さく,to bloom,https://minio.012140.xyz/jlpt/n5-vocabulary/0225_さく.mp3
作文,さくぶん,"composition, writing",https://minio.012140.xyz/jlpt/n5-vocabulary/0226_さくぶん.mp3
差す,さす,to point,https://minio.012140.xyz/jlpt/n5-vocabulary/0227_さす.mp3
雑誌,ざっし,Magazine,https://minio.012140.xyz/jlpt/n5-vocabulary/0228_ざっし.mp3
砂糖,さとう,Sugar,https://minio.012140.xyz/jlpt/n5-vocabulary/0229_さとう.mp3
寒い,さむい,Cold,https://minio.012140.xyz/jlpt/n5-vocabulary/0230_さむい.mp3
さ来年,さらいねん,year after next,https://minio.012140.xyz/jlpt/n5-vocabulary/0231_さらいねん.mp3
三,さん,Three,https://minio.012140.xyz/jlpt/n5-vocabulary/0232_さん.mp3
散歩,さんぽする,to stroll,https://minio.012140.xyz/jlpt/n5-vocabulary/0233_さんぽする.mp3
四,し,/ よん Four,https://minio.012140.xyz/jlpt/n5-vocabulary/0234_し.mp3
塩,しお,Salt,https://minio.012140.xyz/jlpt/n5-vocabulary/0235_しお.mp3
,しかし,However,https://minio.012140.xyz/jlpt/n5-vocabulary/0236_しかし.mp3
時間,じかん,Time,https://minio.012140.xyz/jlpt/n5-vocabulary/0237_じかん.mp3
仕事,しごと,Job,https://minio.012140.xyz/jlpt/n5-vocabulary/0238_しごと.mp3
辞書,じしょ,Dictionary,https://minio.012140.xyz/jlpt/n5-vocabulary/0239_じしょ.mp3
静か,しずか,Quiet,https://minio.012140.xyz/jlpt/n5-vocabulary/0240_しずか.mp3
下,した,Below,https://minio.012140.xyz/jlpt/n5-vocabulary/0241_した.mp3
七,しち,/ なな Seven,https://minio.012140.xyz/jlpt/n5-vocabulary/0242_しち.mp3
質問,しつもん,Question,https://minio.012140.xyz/jlpt/n5-vocabulary/0243_しつもん.mp3
自転車,じてんしゃ,Bicycle,https://minio.012140.xyz/jlpt/n5-vocabulary/0244_じてんしゃ.mp3
自動車,じどうしゃ,Automobile,https://minio.012140.xyz/jlpt/n5-vocabulary/0245_じどうしゃ.mp3
死ぬ,しぬ,to die,https://minio.012140.xyz/jlpt/n5-vocabulary/0246_しぬ.mp3
字引,じびき,Dictionary,https://minio.012140.xyz/jlpt/n5-vocabulary/0247_じびき.mp3
自分,じぶん,Oneself,https://minio.012140.xyz/jlpt/n5-vocabulary/0248_じぶん.mp3
閉まる,しまる,"to close, to be closed",https://minio.012140.xyz/jlpt/n5-vocabulary/0249_しまる.mp3
閉める,しめる,to close something,https://minio.012140.xyz/jlpt/n5-vocabulary/0250_しめる.mp3
締める,しめる,to tie,https://minio.012140.xyz/jlpt/n5-vocabulary/0250_しめる.mp3
写真,しゃしん,photograph,https://minio.012140.xyz/jlpt/n5-vocabulary/0252_しゃしん.mp3
十,じゅう,とお Ten,https://minio.012140.xyz/jlpt/n5-vocabulary/0253_じゅう.mp3
授業,じゅぎょう,"lesson, class work",https://minio.012140.xyz/jlpt/n5-vocabulary/0254_じゅぎょう.mp3
宿題,しゅくだい,homework,https://minio.012140.xyz/jlpt/n5-vocabulary/0255_しゅくだい.mp3
上手,じょうず,Skillful,https://minio.012140.xyz/jlpt/n5-vocabulary/0256_じょうず.mp3
丈夫,じょうぶ,"strong, durable",https://minio.012140.xyz/jlpt/n5-vocabulary/0257_じょうぶ.mp3
食堂,しょくどう,dining hall,https://minio.012140.xyz/jlpt/n5-vocabulary/0258_しょくどう.mp3
知る,しる,to know,https://minio.012140.xyz/jlpt/n5-vocabulary/0259_しる.mp3
白,しろ,White,https://minio.012140.xyz/jlpt/n5-vocabulary/0260_しろ.mp3
白い,しろい,White,https://minio.012140.xyz/jlpt/n5-vocabulary/0261_しろい.mp3
新聞,しんぶん,newspaper,https://minio.012140.xyz/jlpt/n5-vocabulary/0262_しんぶん.mp3
水曜日,すいようび,Wednesday,https://minio.012140.xyz/jlpt/n5-vocabulary/0263_すいようび.mp3
吸う,すう,"to smoke, to suck",https://minio.012140.xyz/jlpt/n5-vocabulary/0264_すう.mp3
好き,すき,Likeable,https://minio.012140.xyz/jlpt/n5-vocabulary/0265_すき.mp3
少ない,すくない,a few,https://minio.012140.xyz/jlpt/n5-vocabulary/0266_すくない.mp3
,すぐに,Instantly,https://minio.012140.xyz/jlpt/n5-vocabulary/0267_すぐに.mp3
少し,すこし,Few,https://minio.012140.xyz/jlpt/n5-vocabulary/0268_すこし.mp3
涼しい,すずしい,Refreshing,https://minio.012140.xyz/jlpt/n5-vocabulary/0269_すずしい.mp3
住む,すむ,to live in,https://minio.012140.xyz/jlpt/n5-vocabulary/0270_すむ.mp3
座る,すわる,to sit,https://minio.012140.xyz/jlpt/n5-vocabulary/0271_すわる.mp3
背,せ,"height, stature",https://minio.012140.xyz/jlpt/n5-vocabulary/0272_せ.mp3
生徒,せいと,Pupil,https://minio.012140.xyz/jlpt/n5-vocabulary/0273_せいと.mp3
,せっけん,Economy,https://minio.012140.xyz/jlpt/n5-vocabulary/0274_せっけん.mp3
背広,せびろ,business suit,https://minio.012140.xyz/jlpt/n5-vocabulary/0275_せびろ.mp3
狭い,せまい,Narrow,https://minio.012140.xyz/jlpt/n5-vocabulary/0276_せまい.mp3
千,せん,Thousand,https://minio.012140.xyz/jlpt/n5-vocabulary/0277_せん.mp3
先月,せんげつ,last month,https://minio.012140.xyz/jlpt/n5-vocabulary/0278_せんげつ.mp3
先週,せんしゅう,last week,https://minio.012140.xyz/jlpt/n5-vocabulary/0279_せんしゅう.mp3
先生,せんせい,"teacher, doctor",https://minio.012140.xyz/jlpt/n5-vocabulary/0280_せんせい.mp3
洗濯,せんたく,Washing,https://minio.012140.xyz/jlpt/n5-vocabulary/0281_せんたく.mp3
全部,ぜんぶ,All,https://minio.012140.xyz/jlpt/n5-vocabulary/0282_ぜんぶ.mp3
掃除,そうじする,"to clean, to sweep",https://minio.012140.xyz/jlpt/n5-vocabulary/0283_そうじする.mp3
,そうして/そして,And,https://minio.012140.xyz/jlpt/n5-vocabulary/0284_そうしてそして.mp3
外,そと,Outside,https://minio.012140.xyz/jlpt/n5-vocabulary/0285_そと.mp3
,その,That,https://minio.012140.xyz/jlpt/n5-vocabulary/0286_その.mp3
空,そら,Sky,https://minio.012140.xyz/jlpt/n5-vocabulary/0287_そら.mp3
,それ,that,https://minio.012140.xyz/jlpt/n5-vocabulary/0288_それ.mp3
大学,だいがく,university,https://minio.012140.xyz/jlpt/n5-vocabulary/0289_だいがく.mp3
大使館,たいしかん,embassy,https://minio.012140.xyz/jlpt/n5-vocabulary/0290_たいしかん.mp3
大丈夫,だいじょうぶ,all right,https://minio.012140.xyz/jlpt/n5-vocabulary/0291_だいじょうぶ.mp3
大好き,だいすき,to be very likeable,https://minio.012140.xyz/jlpt/n5-vocabulary/0292_だいすき.mp3
大切,たいせつ,important,https://minio.012140.xyz/jlpt/n5-vocabulary/0293_たいせつ.mp3
台所,だいどころ,kitchen,https://minio.012140.xyz/jlpt/n5-vocabulary/0294_だいどころ.mp3
,たいへん,very,https://minio.012140.xyz/jlpt/n5-vocabulary/0295_たいへん.mp3
高い,たかい,"tall, expensive",https://minio.012140.xyz/jlpt/n5-vocabulary/0296_たかい.mp3
,たくさん,many,https://minio.012140.xyz/jlpt/n5-vocabulary/0297_たくさん.mp3
出す,だす,to put out,https://minio.012140.xyz/jlpt/n5-vocabulary/0298_だす.mp3
立つ,たつ,to stand,https://minio.012140.xyz/jlpt/n5-vocabulary/0299_たつ.mp3
,たて,"length,height",https://minio.012140.xyz/jlpt/n5-vocabulary/0300_たて.mp3
建物,たてもの,building,https://minio.012140.xyz/jlpt/n5-vocabulary/0301_たてもの.mp3
楽しい,たのしい,enjoyable,https://minio.012140.xyz/jlpt/n5-vocabulary/0302_たのしい.mp3
頼む,たのむ,to ask,https://minio.012140.xyz/jlpt/n5-vocabulary/0303_たのむ.mp3
,たばこ,"tobacco,cigarettes",https://minio.012140.xyz/jlpt/n5-vocabulary/0304_たばこ.mp3
,たぶん,probably,https://minio.012140.xyz/jlpt/n5-vocabulary/0305_たぶん.mp3
食べ物,たべもの,food,https://minio.012140.xyz/jlpt/n5-vocabulary/0306_たべもの.mp3
食べる,たべる,to eat,https://minio.012140.xyz/jlpt/n5-vocabulary/0307_たべる.mp3
卵,たまご,egg,https://minio.012140.xyz/jlpt/n5-vocabulary/0308_たまご.mp3
誰,だれ,who,https://minio.012140.xyz/jlpt/n5-vocabulary/0309_だれ.mp3
誰,だれか,somebody,https://minio.012140.xyz/jlpt/n5-vocabulary/0310_だれか.mp3
誕生日,たんじょうび,birthday,https://minio.012140.xyz/jlpt/n5-vocabulary/0311_たんじょうび.mp3
,だんだん,gradually,https://minio.012140.xyz/jlpt/n5-vocabulary/0312_だんだん.mp3
小さい,ちいさい,little,https://minio.012140.xyz/jlpt/n5-vocabulary/0313_ちいさい.mp3
小さな,ちいさな,little,https://minio.012140.xyz/jlpt/n5-vocabulary/0314_ちいさな.mp3
近い,ちかい,near,https://minio.012140.xyz/jlpt/n5-vocabulary/0315_ちかい.mp3
違う,ちがう,to differ,https://minio.012140.xyz/jlpt/n5-vocabulary/0316_ちがう.mp3
近く,ちかく,near,https://minio.012140.xyz/jlpt/n5-vocabulary/0317_ちかく.mp3
地下鉄,ちかてつ,underground train,https://minio.012140.xyz/jlpt/n5-vocabulary/0318_ちかてつ.mp3
地図,ちず,map,https://minio.012140.xyz/jlpt/n5-vocabulary/0319_ちず.mp3
茶色,ちゃいろ,brown,https://minio.012140.xyz/jlpt/n5-vocabulary/0320_ちゃいろ.mp3
,ちょうど,exactly,https://minio.012140.xyz/jlpt/n5-vocabulary/0321_ちょうど.mp3
,ちょっと,somewhat,https://minio.012140.xyz/jlpt/n5-vocabulary/0322_ちょっと.mp3
一日,ついたち,first of month,https://minio.012140.xyz/jlpt/n5-vocabulary/0323_ついたち.mp3
使う,つかう,to use,https://minio.012140.xyz/jlpt/n5-vocabulary/0324_つかう.mp3
疲れる,つかれる,to get tired,https://minio.012140.xyz/jlpt/n5-vocabulary/0325_つかれる.mp3
次,つぎ,next,https://minio.012140.xyz/jlpt/n5-vocabulary/0326_つぎ.mp3
着く,つく,to arrive at,https://minio.012140.xyz/jlpt/n5-vocabulary/0327_つく.mp3
机,つくえ,desk,https://minio.012140.xyz/jlpt/n5-vocabulary/0328_つくえ.mp3
作る,つくる,to make,https://minio.012140.xyz/jlpt/n5-vocabulary/0329_つくる.mp3
勤める,つとめる,to work for someone,https://minio.012140.xyz/jlpt/n5-vocabulary/0330_つとめる.mp3
,つまらない,boring,https://minio.012140.xyz/jlpt/n5-vocabulary/0331_つまらない.mp3
冷たい,つめたい,cold to the touch,https://minio.012140.xyz/jlpt/n5-vocabulary/0332_つめたい.mp3
強い,つよい,powerful,https://minio.012140.xyz/jlpt/n5-vocabulary/0333_つよい.mp3
手,て,hand,https://minio.012140.xyz/jlpt/n5-vocabulary/0334_て.mp3
出かける,でかける,to go out,https://minio.012140.xyz/jlpt/n5-vocabulary/0335_でかける.mp3
手紙,てがみ,letter,https://minio.012140.xyz/jlpt/n5-vocabulary/0336_てがみ.mp3
出口,でぐち,exit,https://minio.012140.xyz/jlpt/n5-vocabulary/0337_でぐち.mp3
,でも,but,https://minio.012140.xyz/jlpt/n5-vocabulary/0338_でも.mp3
出る,でる,"to appear,to leave",https://minio.012140.xyz/jlpt/n5-vocabulary/0339_でる.mp3
天気,てんき,weather,https://minio.012140.xyz/jlpt/n5-vocabulary/0340_てんき.mp3
電気,でんき,"electricity,electric light",https://minio.012140.xyz/jlpt/n5-vocabulary/0341_でんき.mp3
電車,でんしゃ,electric train,https://minio.012140.xyz/jlpt/n5-vocabulary/0342_でんしゃ.mp3
電話,でんわ,telephone,https://minio.012140.xyz/jlpt/n5-vocabulary/0343_でんわ.mp3
戸,と,Japanese style door,https://minio.012140.xyz/jlpt/n5-vocabulary/0344_と.mp3
,どうぞ,please,https://minio.012140.xyz/jlpt/n5-vocabulary/0345_どうぞ.mp3
動物,どうぶつ,animal,https://minio.012140.xyz/jlpt/n5-vocabulary/0346_どうぶつ.mp3
,どうも,thanks,https://minio.012140.xyz/jlpt/n5-vocabulary/0347_どうも.mp3
遠い,とおい,far,https://minio.012140.xyz/jlpt/n5-vocabulary/0348_とおい.mp3
十日,とおか,"ten days,the tenth day",https://minio.012140.xyz/jlpt/n5-vocabulary/0349_とおか.mp3
時々,ときどき,sometimes,https://minio.012140.xyz/jlpt/n5-vocabulary/0350_ときどき.mp3
時計,とけい,"watch,clock",https://minio.012140.xyz/jlpt/n5-vocabulary/0351_とけい.mp3
,どこ,where,https://minio.012140.xyz/jlpt/n5-vocabulary/0352_どこ.mp3
所,ところ,place,https://minio.012140.xyz/jlpt/n5-vocabulary/0353_ところ.mp3
年,とし,year,https://minio.012140.xyz/jlpt/n5-vocabulary/0354_とし.mp3
図書館,としょかん,library,https://minio.012140.xyz/jlpt/n5-vocabulary/0355_としょかん.mp3
,どっち,which,https://minio.012140.xyz/jlpt/n5-vocabulary/0356_どっち.mp3
,とても,very,https://minio.012140.xyz/jlpt/n5-vocabulary/0357_とても.mp3
,どなた,who,https://minio.012140.xyz/jlpt/n5-vocabulary/0358_どなた.mp3
隣,となり,next door to,https://minio.012140.xyz/jlpt/n5-vocabulary/0359_となり.mp3
,どの,which,https://minio.012140.xyz/jlpt/n5-vocabulary/0360_どの.mp3
飛ぶ,とぶ,"to fly,to hop",https://minio.012140.xyz/jlpt/n5-vocabulary/0361_とぶ.mp3
止まる,とまる,to come to a halt,https://minio.012140.xyz/jlpt/n5-vocabulary/0362_とまる.mp3
友達,ともだち,friend,https://minio.012140.xyz/jlpt/n5-vocabulary/0363_ともだち.mp3
土曜日,どようび,Saturday,https://minio.012140.xyz/jlpt/n5-vocabulary/0364_どようび.mp3
鳥,とり,bird,https://minio.012140.xyz/jlpt/n5-vocabulary/0365_とり.mp3
とり肉,とりにく,chicken meat,https://minio.012140.xyz/jlpt/n5-vocabulary/0366_とりにく.mp3
取る,とる,to take something,https://minio.012140.xyz/jlpt/n5-vocabulary/0367_とる.mp3
撮る,とる,to take a photo or record a film,https://minio.012140.xyz/jlpt/n5-vocabulary/0367_とる.mp3
中,なか,middle,https://minio.012140.xyz/jlpt/n5-vocabulary/0369_なか.mp3
長い,ながい,long,https://minio.012140.xyz/jlpt/n5-vocabulary/0370_ながい.mp3
鳴く,なく,"animal noise. to chirp, roar or croak etc.",https://minio.012140.xyz/jlpt/n5-vocabulary/0371_なく.mp3
無くす,なくす,to lose something,https://minio.012140.xyz/jlpt/n5-vocabulary/0372_なくす.mp3
,なぜ,why,https://minio.012140.xyz/jlpt/n5-vocabulary/0373_なぜ.mp3
夏,なつ,summer,https://minio.012140.xyz/jlpt/n5-vocabulary/0374_なつ.mp3
夏休み,なつやすみ,summer holiday,https://minio.012140.xyz/jlpt/n5-vocabulary/0375_なつやすみ.mp3
七つ,ななつ,seven,https://minio.012140.xyz/jlpt/n5-vocabulary/0376_ななつ.mp3
七日,なのか,"seven days,the seventh day",https://minio.012140.xyz/jlpt/n5-vocabulary/0377_なのか.mp3
名前,なまえ,name,https://minio.012140.xyz/jlpt/n5-vocabulary/0378_なまえ.mp3
習う,ならう,to learn,https://minio.012140.xyz/jlpt/n5-vocabulary/0379_ならう.mp3
並ぶ,ならぶ,"to line up,to stand in a line",https://minio.012140.xyz/jlpt/n5-vocabulary/0380_ならぶ.mp3
並べる,ならべる,"to line up,to set up",https://minio.012140.xyz/jlpt/n5-vocabulary/0381_ならべる.mp3
何,なん/なに,what,https://minio.012140.xyz/jlpt/n5-vocabulary/0382_なんなに.mp3
二,に,two,https://minio.012140.xyz/jlpt/n5-vocabulary/0383_に.mp3
賑やか,にぎやか,"bustling,busy",https://minio.012140.xyz/jlpt/n5-vocabulary/0384_にぎやか.mp3
肉,にく,meat,https://minio.012140.xyz/jlpt/n5-vocabulary/0385_にく.mp3
西,にし,west,https://minio.012140.xyz/jlpt/n5-vocabulary/0386_にし.mp3
日曜日,にちようび,Sunday,https://minio.012140.xyz/jlpt/n5-vocabulary/0387_にちようび.mp3
荷物,にもつ,luggage,https://minio.012140.xyz/jlpt/n5-vocabulary/0388_にもつ.mp3
庭,にわ,garden,https://minio.012140.xyz/jlpt/n5-vocabulary/0389_にわ.mp3
脱ぐ,ぬぐ,to take off clothes,https://minio.012140.xyz/jlpt/n5-vocabulary/0390_ぬぐ.mp3
温い,ぬるい,luke warm,https://minio.012140.xyz/jlpt/n5-vocabulary/0391_ぬるい.mp3
猫,ねこ,cat,https://minio.012140.xyz/jlpt/n5-vocabulary/0392_ねこ.mp3
寝る,ねる,"to go to bed,to sleep",https://minio.012140.xyz/jlpt/n5-vocabulary/0393_ねる.mp3
登る,のぼる,to climb,https://minio.012140.xyz/jlpt/n5-vocabulary/0394_のぼる.mp3
飲み物,のみもの,a drink,https://minio.012140.xyz/jlpt/n5-vocabulary/0395_のみもの.mp3
飲む,のむ,to drink,https://minio.012140.xyz/jlpt/n5-vocabulary/0396_のむ.mp3
乗る,のる,"to get on,to ride",https://minio.012140.xyz/jlpt/n5-vocabulary/0397_のる.mp3
歯,は,tooth,https://minio.012140.xyz/jlpt/n5-vocabulary/0398_は.mp3
,はい,yes,https://minio.012140.xyz/jlpt/n5-vocabulary/0399_はい.mp3
灰皿,はいざら,ashtray,https://minio.012140.xyz/jlpt/n5-vocabulary/0400_はいざら.mp3
入る,はいる,"to enter,to contain",https://minio.012140.xyz/jlpt/n5-vocabulary/0401_はいる.mp3
葉書,はがき,postcard,https://minio.012140.xyz/jlpt/n5-vocabulary/0402_はがき.mp3
箱,はこ,box,https://minio.012140.xyz/jlpt/n5-vocabulary/0403_はこ.mp3
橋,はし,bridge,https://minio.012140.xyz/jlpt/n5-vocabulary/0404_はし.mp3
,はし,chopsticks,https://minio.012140.xyz/jlpt/n5-vocabulary/0404_はし.mp3
始まる,はじまる,to begin,https://minio.012140.xyz/jlpt/n5-vocabulary/0406_はじまる.mp3
初め/始め,はじめ,beginning,https://minio.012140.xyz/jlpt/n5-vocabulary/0407_はじめ.mp3
初めて,はじめて,for the first time,https://minio.012140.xyz/jlpt/n5-vocabulary/0408_はじめて.mp3
走る,はしる,to run,https://minio.012140.xyz/jlpt/n5-vocabulary/0409_はしる.mp3
二十歳,はたち,"20 years old,20th year",https://minio.012140.xyz/jlpt/n5-vocabulary/0410_はたち.mp3
働く,はたらく,to work,https://minio.012140.xyz/jlpt/n5-vocabulary/0411_はたらく.mp3
八,はち,eight,https://minio.012140.xyz/jlpt/n5-vocabulary/0412_はち.mp3
二十日,はつか,"twenty days,twentieth",https://minio.012140.xyz/jlpt/n5-vocabulary/0413_はつか.mp3
花,はな,flower,https://minio.012140.xyz/jlpt/n5-vocabulary/0414_はな.mp3
鼻,はな,nose,https://minio.012140.xyz/jlpt/n5-vocabulary/0414_はな.mp3
話,はなし,"talk,story",https://minio.012140.xyz/jlpt/n5-vocabulary/0416_はなし.mp3
話す,はなす,to speak,https://minio.012140.xyz/jlpt/n5-vocabulary/0417_はなす.mp3
早い,はやい,early,https://minio.012140.xyz/jlpt/n5-vocabulary/0418_はやい.mp3
速い,はやい,quick,https://minio.012140.xyz/jlpt/n5-vocabulary/0418_はやい.mp3
春,はる,spring,https://minio.012140.xyz/jlpt/n5-vocabulary/0420_はる.mp3
貼る,はる,to stick,https://minio.012140.xyz/jlpt/n5-vocabulary/0420_はる.mp3
晴れ,はれ,clear weather,https://minio.012140.xyz/jlpt/n5-vocabulary/0422_はれ.mp3
晴れる,はれる,to be sunny,https://minio.012140.xyz/jlpt/n5-vocabulary/0423_はれる.mp3
半,はん,half,https://minio.012140.xyz/jlpt/n5-vocabulary/0424_はん.mp3
晩,ばん,evening,https://minio.012140.xyz/jlpt/n5-vocabulary/0425_ばん.mp3
番号,ばんごう,number,https://minio.012140.xyz/jlpt/n5-vocabulary/0426_ばんごう.mp3
晩御飯,ばんごはん,evening meal,https://minio.012140.xyz/jlpt/n5-vocabulary/0427_ばんごはん.mp3
半分,はんぶん,half minute,https://minio.012140.xyz/jlpt/n5-vocabulary/0428_はんぶん.mp3
東,ひがし,east,https://minio.012140.xyz/jlpt/n5-vocabulary/0429_ひがし.mp3
引く,ひく,to pull,https://minio.012140.xyz/jlpt/n5-vocabulary/0430_ひく.mp3
弾く,ひく,to pluck,https://minio.012140.xyz/jlpt/n5-vocabulary/0430_ひく.mp3
低い,ひくい,"short,low",https://minio.012140.xyz/jlpt/n5-vocabulary/0432_ひくい.mp3
飛行機,ひこうき,aeroplane,https://minio.012140.xyz/jlpt/n5-vocabulary/0433_ひこうき.mp3
左,ひだり,left hand side,https://minio.012140.xyz/jlpt/n5-vocabulary/0434_ひだり.mp3
人,ひと,person,https://minio.012140.xyz/jlpt/n5-vocabulary/0435_ひと.mp3
一つ,ひとつ,one,https://minio.012140.xyz/jlpt/n5-vocabulary/0436_ひとつ.mp3
一月,ひとつき,one month,https://minio.012140.xyz/jlpt/n5-vocabulary/0437_ひとつき.mp3
一人,ひとり,one person,https://minio.012140.xyz/jlpt/n5-vocabulary/0438_ひとり.mp3
暇,ひま,free time,https://minio.012140.xyz/jlpt/n5-vocabulary/0439_ひま.mp3
百,ひゃく,hundred,https://minio.012140.xyz/jlpt/n5-vocabulary/0440_ひゃく.mp3
病院,びょういん,hospital,https://minio.012140.xyz/jlpt/n5-vocabulary/0441_びょういん.mp3
病気,びょうき,illness,https://minio.012140.xyz/jlpt/n5-vocabulary/0442_びょうき.mp3
昼,ひる,"noon, daytime",https://minio.012140.xyz/jlpt/n5-vocabulary/0443_ひる.mp3
昼御飯,ひるごはん,midday meal,https://minio.012140.xyz/jlpt/n5-vocabulary/0444_ひるごはん.mp3
広い,ひろい,"spacious,wide",https://minio.012140.xyz/jlpt/n5-vocabulary/0445_ひろい.mp3
封筒,ふうとう,envelope,https://minio.012140.xyz/jlpt/n5-vocabulary/0446_ふうとう.mp3
吹く,ふく,to blow,https://minio.012140.xyz/jlpt/n5-vocabulary/0447_ふく.mp3
服,ふく,clothes,https://minio.012140.xyz/jlpt/n5-vocabulary/0447_ふく.mp3
二つ,ふたつ,two,https://minio.012140.xyz/jlpt/n5-vocabulary/0449_ふたつ.mp3
豚肉,ぶたにく,pork,https://minio.012140.xyz/jlpt/n5-vocabulary/0450_ぶたにく.mp3
二人,ふたり,two people,https://minio.012140.xyz/jlpt/n5-vocabulary/0451_ふたり.mp3
二日,ふつか,"two days, second day of the month",https://minio.012140.xyz/jlpt/n5-vocabulary/0452_ふつか.mp3
太い,ふとい,fat,https://minio.012140.xyz/jlpt/n5-vocabulary/0453_ふとい.mp3
冬,ふゆ,winter,https://minio.012140.xyz/jlpt/n5-vocabulary/0454_ふゆ.mp3
降る,ふる,"to fall, e.g. rain or snow",https://minio.012140.xyz/jlpt/n5-vocabulary/0455_ふる.mp3
古い,ふるい,old (not used for people),https://minio.012140.xyz/jlpt/n5-vocabulary/0456_ふるい.mp3
,ふろ,bath,https://minio.012140.xyz/jlpt/n5-vocabulary/0457_ふろ.mp3
文章,ぶんしょう,"sentence,text",https://minio.012140.xyz/jlpt/n5-vocabulary/0458_ぶんしょう.mp3
下手,へた,unskillful,https://minio.012140.xyz/jlpt/n5-vocabulary/0459_へた.mp3
部屋,へや,room,https://minio.012140.xyz/jlpt/n5-vocabulary/0460_へや.mp3
辺,へん,area,https://minio.012140.xyz/jlpt/n5-vocabulary/0461_へん.mp3
勉強,べんきょうする,to study,https://minio.012140.xyz/jlpt/n5-vocabulary/0462_べんきょうする.mp3
便利,べんり,"useful, convenient",https://minio.012140.xyz/jlpt/n5-vocabulary/0463_べんり.mp3
帽子,ぼうし,hat,https://minio.012140.xyz/jlpt/n5-vocabulary/0464_ぼうし.mp3
欲しい,ほしい,want,https://minio.012140.xyz/jlpt/n5-vocabulary/0465_ほしい.mp3
細い,ほそい,thin,https://minio.012140.xyz/jlpt/n5-vocabulary/0466_ほそい.mp3
本,ほん,book,https://minio.012140.xyz/jlpt/n5-vocabulary/0467_ほん.mp3
本棚,ほんだな,bookshelves,https://minio.012140.xyz/jlpt/n5-vocabulary/0468_ほんだな.mp3
,ほんとう,truth,https://minio.012140.xyz/jlpt/n5-vocabulary/0469_ほんとう.mp3
毎朝,まいあさ,every morning,https://minio.012140.xyz/jlpt/n5-vocabulary/0470_まいあさ.mp3
毎月,まいげつ/まいつき,every month,https://minio.012140.xyz/jlpt/n5-vocabulary/0471_まいげつまいつき.mp3
毎週,まいしゅう,every week,https://minio.012140.xyz/jlpt/n5-vocabulary/0472_まいしゅう.mp3
毎日,まいにち,every day,https://minio.012140.xyz/jlpt/n5-vocabulary/0473_まいにち.mp3
毎年,まいねん/まいとし,every year,https://minio.012140.xyz/jlpt/n5-vocabulary/0474_まいねんまいとし.mp3
毎晩,まいばん,every night,https://minio.012140.xyz/jlpt/n5-vocabulary/0475_まいばん.mp3
前,まえ,before,https://minio.012140.xyz/jlpt/n5-vocabulary/0476_まえ.mp3
曲る,まがる,"to turn,to bend",https://minio.012140.xyz/jlpt/n5-vocabulary/0477_まがる.mp3
,まずい,unpleasant,https://minio.012140.xyz/jlpt/n5-vocabulary/0478_まずい.mp3
,また,"again,and",https://minio.012140.xyz/jlpt/n5-vocabulary/0479_また.mp3
,まだ,"yet,still",https://minio.012140.xyz/jlpt/n5-vocabulary/0480_まだ.mp3
町,まち,"town,city",https://minio.012140.xyz/jlpt/n5-vocabulary/0481_まち.mp3
待つ,まつ,to wait,https://minio.012140.xyz/jlpt/n5-vocabulary/0482_まつ.mp3
窓,まど,window,https://minio.012140.xyz/jlpt/n5-vocabulary/0483_まど.mp3
丸い/円い,まるい,"round,circular",https://minio.012140.xyz/jlpt/n5-vocabulary/0484_まるい.mp3
万,まん,ten thousand,https://minio.012140.xyz/jlpt/n5-vocabulary/0485_まん.mp3
万年筆,まんねんひつ,fountain pen,https://minio.012140.xyz/jlpt/n5-vocabulary/0486_まんねんひつ.mp3
磨く,みがく,"to brush teeth, to polish",https://minio.012140.xyz/jlpt/n5-vocabulary/0487_みがく.mp3
右,みぎ,right side,https://minio.012140.xyz/jlpt/n5-vocabulary/0488_みぎ.mp3
短い,みじかい,short,https://minio.012140.xyz/jlpt/n5-vocabulary/0489_みじかい.mp3
水,みず,water,https://minio.012140.xyz/jlpt/n5-vocabulary/0490_みず.mp3
店,みせ,shop,https://minio.012140.xyz/jlpt/n5-vocabulary/0491_みせ.mp3
見せる,みせる,to show,https://minio.012140.xyz/jlpt/n5-vocabulary/0492_みせる.mp3
道,みち,street,https://minio.012140.xyz/jlpt/n5-vocabulary/0493_みち.mp3
三日,みっか,"three days, third day of the month",https://minio.012140.xyz/jlpt/n5-vocabulary/0494_みっか.mp3
三つ,みっつ,three,https://minio.012140.xyz/jlpt/n5-vocabulary/0495_みっつ.mp3
緑,みどり,green,https://minio.012140.xyz/jlpt/n5-vocabulary/0496_みどり.mp3
皆さん,みなさん,everyone,https://minio.012140.xyz/jlpt/n5-vocabulary/0497_みなさん.mp3
南,みなみ,south,https://minio.012140.xyz/jlpt/n5-vocabulary/0498_みなみ.mp3
耳,みみ,ear,https://minio.012140.xyz/jlpt/n5-vocabulary/0499_みみ.mp3
見る,観る,"みる to see, to watch",https://minio.012140.xyz/jlpt/n5-vocabulary/0500_観る.mp3
,みんな,everyone,https://minio.012140.xyz/jlpt/n5-vocabulary/0501_みんな.mp3
六日,むいか,"six days, sixth day of the month",https://minio.012140.xyz/jlpt/n5-vocabulary/0502_むいか.mp3
向こう,むこう,over there,https://minio.012140.xyz/jlpt/n5-vocabulary/0503_むこう.mp3
難しい,むずかしい,difficult,https://minio.012140.xyz/jlpt/n5-vocabulary/0504_むずかしい.mp3
六つ,むっつ,six,https://minio.012140.xyz/jlpt/n5-vocabulary/0505_むっつ.mp3
村,むら,village,https://minio.012140.xyz/jlpt/n5-vocabulary/0506_むら.mp3
目,め,eye,https://minio.012140.xyz/jlpt/n5-vocabulary/0507_め.mp3
眼鏡,めがね,glasses,https://minio.012140.xyz/jlpt/n5-vocabulary/0508_めがね.mp3
,もう,already,https://minio.012140.xyz/jlpt/n5-vocabulary/0509_もう.mp3
もう一度,もういちど,again,https://minio.012140.xyz/jlpt/n5-vocabulary/0510_もういちど.mp3
木曜日,もくようび,Thursday,https://minio.012140.xyz/jlpt/n5-vocabulary/0511_もくようび.mp3
持つ,もつ,to hold,https://minio.012140.xyz/jlpt/n5-vocabulary/0512_もつ.mp3
,もっと,more,https://minio.012140.xyz/jlpt/n5-vocabulary/0513_もっと.mp3
物,もの,thing,https://minio.012140.xyz/jlpt/n5-vocabulary/0514_もの.mp3
門,もん,gate,https://minio.012140.xyz/jlpt/n5-vocabulary/0515_もん.mp3
問題,もんだい,problem,https://minio.012140.xyz/jlpt/n5-vocabulary/0516_もんだい.mp3
八百屋,やおや,greengrocer,https://minio.012140.xyz/jlpt/n5-vocabulary/0517_やおや.mp3
野菜,やさい,vegetable,https://minio.012140.xyz/jlpt/n5-vocabulary/0518_やさい.mp3
易しい,やさしい,"easy, simple",https://minio.012140.xyz/jlpt/n5-vocabulary/0519_やさしい.mp3
安い,やすい,cheap,https://minio.012140.xyz/jlpt/n5-vocabulary/0520_やすい.mp3
休み,やすみ,"rest,holiday",https://minio.012140.xyz/jlpt/n5-vocabulary/0521_やすみ.mp3
休む,やすむ,to rest,https://minio.012140.xyz/jlpt/n5-vocabulary/0522_やすむ.mp3
八つ,やっつ,eight,https://minio.012140.xyz/jlpt/n5-vocabulary/0523_やっつ.mp3
山,やま,mountain,https://minio.012140.xyz/jlpt/n5-vocabulary/0524_やま.mp3
夕方,ゆうがた,evening,https://minio.012140.xyz/jlpt/n5-vocabulary/0525_ゆうがた.mp3
夕飯,ゆうはん,dinner,https://minio.012140.xyz/jlpt/n5-vocabulary/0526_ゆうはん.mp3
郵便局,ゆうびんきょく,post office,https://minio.012140.xyz/jlpt/n5-vocabulary/0527_ゆうびんきょく.mp3
昨夜,ゆうべ,last night,https://minio.012140.xyz/jlpt/n5-vocabulary/0528_ゆうべ.mp3
有名,ゆうめい,famous,https://minio.012140.xyz/jlpt/n5-vocabulary/0529_ゆうめい.mp3
雪,ゆき,snow,https://minio.012140.xyz/jlpt/n5-vocabulary/0530_ゆき.mp3
行く,ゆく,to go,https://minio.012140.xyz/jlpt/n5-vocabulary/0531_ゆく.mp3
,ゆっくりと,slowly,https://minio.012140.xyz/jlpt/n5-vocabulary/0532_ゆっくりと.mp3
八日,ようか,"eight days, eighth day of the month",https://minio.012140.xyz/jlpt/n5-vocabulary/0533_ようか.mp3
洋服,ようふく,western-style clothes,https://minio.012140.xyz/jlpt/n5-vocabulary/0534_ようふく.mp3
横,よこ,"beside,side,width",https://minio.012140.xyz/jlpt/n5-vocabulary/0535_よこ.mp3
四日,よっか,"four days, fouth day of the month",https://minio.012140.xyz/jlpt/n5-vocabulary/0536_よっか.mp3
四つ,よっつ,four,https://minio.012140.xyz/jlpt/n5-vocabulary/0537_よっつ.mp3
呼ぶ,よぶ,"to call out,to invite",https://minio.012140.xyz/jlpt/n5-vocabulary/0538_よぶ.mp3
読む,よむ,to read,https://minio.012140.xyz/jlpt/n5-vocabulary/0539_よむ.mp3
夜,よる,"evening,night",https://minio.012140.xyz/jlpt/n5-vocabulary/0540_よる.mp3
弱い,よわい,weak,https://minio.012140.xyz/jlpt/n5-vocabulary/0541_よわい.mp3
来月,らいげつ,next month,https://minio.012140.xyz/jlpt/n5-vocabulary/0542_らいげつ.mp3
来週,らいしゅう,next week,https://minio.012140.xyz/jlpt/n5-vocabulary/0543_らいしゅう.mp3
来年,らいねん,next year,https://minio.012140.xyz/jlpt/n5-vocabulary/0544_らいねん.mp3
,りっぱ,splendid,https://minio.012140.xyz/jlpt/n5-vocabulary/0545_りっぱ.mp3
留学生,りゅうがくせい,overseas student,https://minio.012140.xyz/jlpt/n5-vocabulary/0546_りゅうがくせい.mp3
両親,りょうしん,both parents,https://minio.012140.xyz/jlpt/n5-vocabulary/0547_りょうしん.mp3
料理,りょうり,cuisine,https://minio.012140.xyz/jlpt/n5-vocabulary/0548_りょうり.mp3
旅行,りょこう,travel,https://minio.012140.xyz/jlpt/n5-vocabulary/0549_りょこう.mp3
零,れい,zero,https://minio.012140.xyz/jlpt/n5-vocabulary/0550_れい.mp3
冷蔵庫,れいぞうこ,refrigerator,https://minio.012140.xyz/jlpt/n5-vocabulary/0551_れいぞうこ.mp3
練習,れんしゅうする,to practice,https://minio.012140.xyz/jlpt/n5-vocabulary/0552_れんしゅうする.mp3
廊下,ろうか,corridor,https://minio.012140.xyz/jlpt/n5-vocabulary/0553_ろうか.mp3
六,ろく,six,https://minio.012140.xyz/jlpt/n5-vocabulary/0554_ろく.mp3
若い,わかい,young,https://minio.012140.xyz/jlpt/n5-vocabulary/0555_わかい.mp3
分かる,わかる,to be understood,https://minio.012140.xyz/jlpt/n5-vocabulary/0556_わかる.mp3
忘れる,わすれる,to forget,https://minio.012140.xyz/jlpt/n5-vocabulary/0557_わすれる.mp3
私,わたくし,"(humble) I,myself",https://minio.012140.xyz/jlpt/n5-vocabulary/0558_わたくし.mp3
私,わたし,"I,myself",https://minio.012140.xyz/jlpt/n5-vocabulary/0559_わたし.mp3
渡す,わたす,to hand over,https://minio.012140.xyz/jlpt/n5-vocabulary/0560_わたす.mp3
渡る,わたる,to go across,https://minio.012140.xyz/jlpt/n5-vocabulary/0561_わたる.mp3
悪い,わるい,bad,https://minio.012140.xyz/jlpt/n5-vocabulary/0562_わるい.mp3
